{
  "rules": {
    ".read": true,
    ".write": false,

    "uploads": {
      ".write": "auth != null"
    },
   "items": {
      ".write": "auth != null"
    },
    "users": {
      ".write": "auth != null"
    },
	"animals":{
		".write": "auth != null"
	},
	"movies":{
		".write": "auth != null"
	},
	"markers":{
		".write": "auth != null"
	},
	"locations":{
		".write":"auth!=null"
	},
	"followers":{
		".write":"auth!=null"
	},
	"following":{
		".write":"auth!=null"
	},
	"reactions":{
		".write":"auth!=null"
	}



  }
}
